"","run","aic","estimate","lower_ci","upper_ci","ground","group"
"1",1,467.969253772892,11813.2175017738,11622.0183974232,12006.9374291759,11911,"1"
"2",1,286.886221319986,1051.73124952251,995.638670294183,1110.30074479545,1061,"2"
"3",1,120.128687552299,61.2182000876987,47.5723959895173,77.6880960522923,62,"3"
"4",1,352.844706115171,1859.73733315739,1785.27091289128,1936.63880656745,1892,"4"
"5",1,181.676799366104,192.143428183715,168.289124232172,218.583632376252,199,"5"
"6",2,476.588997109292,11871.7327441366,11682.2334228695,12063.6550005057,11947,"1"
"7",2,276.712293514282,969.24980342615,916.276703085225,1024.60539702769,999,"2"
"8",2,123.807794070937,64.4231136316219,50.2370928343099,81.6270769863695,49,"3"
"9",2,335.372122025275,1886.88598386215,1811.23113867494,1965.01592677679,1796,"4"
"10",2,204.798793330303,208.459999986018,169.132882717402,254.130087973495,176,"5"
"11",3,479.17904208423,11936.4537954845,11746.1869500499,12129.1509841611,11878,"1"
"12",3,325.611298800664,1095.63453251641,1002.11852289316,1195.38114917039,971,"2"
"13",3,114.000702976729,61.0057230130219,47.9302422666654,76.850708917042,56,"3"
"14",3,324.175771001121,1901.88243306329,1826.60024468614,1979.60150364229,1934,"4"
"15",3,169.106780264004,204.682674923769,179.47682319449,232.615522348354,184,"5"
"16",4,490.864183984624,11886.7360812889,11697.3011969794,12078.5899086314,11985,"1"
"17",4,279.229305044682,1000.03301959322,945.354378893202,1057.17376619693,968,"2"
"18",4,120.610826109413,84.3052871173485,58.3583412999956,117.894709743031,54,"3"
"19",4,360.632782901144,1929.38340530334,1853.46198582139,2007.75181106811,1906,"4"
"20",4,197.929821476705,172.972268934928,150.594496618841,197.89443561267,167,"5"
"21",5,471.599370949326,11980.0628556674,11789.759981183,12172.7902117384,12030,"1"
"22",5,299.873589528729,1053.45107792146,997.002456473922,1112.40814246313,993,"2"
"23",5,119.719541274467,62.4713860568602,48.7293129694495,79.0882219691179,58,"3"
"24",5,330.266063236881,1835.42114704278,1761.39412263806,1911.89141398474,1828,"4"
"25",5,180.290380210134,180.347231533065,157.398275670612,205.860192360291,173,"5"
"26",6,484.393634813004,11740.4969099445,11519.9288202484,11964.3099149404,12033,"1"
"27",6,275.990326746617,997.559282868111,943.381948677944,1054.17405083347,1066,"2"
"28",6,115.744900423844,74.7790497243531,59.9749210955392,92.3192521066602,55,"3"
"29",6,332.326663802035,1735.66873451648,1618.14146335385,1859.24615221408,1815,"4"
"30",6,166.810509374922,157.200218504409,133.146358009437,184.462277155521,174,"5"
"31",7,491.115159443046,11789.1644441043,11600.8586463813,11979.8787074422,11800,"1"
"32",7,283.023653859798,1166.55576259526,1068.71207649252,1270.83350950715,989,"2"
"33",7,136.83131033888,55.4918292825378,43.482230759912,69.9399391209923,60,"3"
"34",7,333.395287737907,1909.48908547841,1833.46033382442,1987.99053153419,1882,"4"
"35",7,197.653539206522,161.533842088767,140.636279316719,184.782194004207,205,"5"
"36",8,466.618806360956,12051.2221344475,11827.6258652643,12278.0627814808,11866,"1"
"37",8,286.809650387986,1038.18413909881,982.717739850399,1096.09603128201,1011,"2"
"38",8,120.326301564954,57.7680344663455,45.2053033738377,72.892186293546,66,"3"
"39",8,326.107546184163,1900.39565636909,1824.75744783092,1978.49325264184,1815,"4"
"40",8,187.092099928774,161.753710904015,137.053474048901,189.689845037315,178,"5"
"41",9,487.08060691103,12106.4825934179,11881.8485907069,12334.3768175619,11932,"1"
"42",9,288.519332919098,1004.12278634326,940.967895156763,1070.49072610177,1015,"2"
"43",9,119.279729157479,55.0391860814117,42.977723140262,69.5687119743769,61,"3"
"44",9,344.857148768546,1918.75383894177,1841.46744451775,1998.58158906091,1882,"4"
"45",9,182.366695470368,172.669374004279,150.247050614983,197.66288364426,187,"5"
"46",10,478.183600859374,11887.4953629449,11697.5554305444,12079.8659214949,11902,"1"
"47",10,290.324505386661,1013.47050682553,958.141050778785,1071.3073879526,1004,"2"
"48",10,107.819891775636,63.1948455472161,48.9405452717323,80.5855654024744,57,"3"
"49",10,355.079470058839,1877.28472229968,1802.75242530306,1954.23172077821,1796,"4"
"50",10,170.09516641817,173.741746291151,150.678944368666,199.471679567159,172,"5"
"51",11,492.967182375907,11957.0553702937,11767.3121479074,12149.2140465126,11947,"1"
"52",11,290.402029724181,1058.6893364262,1001.90870825266,1117.99096280869,971,"2"
"53",11,120.63249702219,55.8428053824326,43.8335434441561,70.3421343678611,65,"3"
"54",11,344.43066840176,1735.68144043158,1618.70195571629,1858.66778127729,1919,"4"
"55",11,187.129970958051,171.146538064585,146.015322593212,199.46618582446,195,"5"
"56",12,482.905123898348,11781.1758595477,11592.6540867011,11972.1126588751,11849,"1"
"57",12,297.726572882541,1055.64908436166,994.592849527163,1119.60047476137,1029,"2"
"58",12,120.248020644646,59.5071292752642,46.2314610846386,75.5070497202157,77,"3"
"59",12,354.831374945432,1845.65292428665,1771.64754049154,1922.07620585697,1795,"4"
"60",12,181.928494434153,156.805666712249,131.238518881122,186.014230381509,177,"5"
"61",13,474.52035439315,11954.2975719023,11747.6471361022,12163.7786992096,11911,"1"
"62",13,305.184761569067,1058.95648437193,1002.56411927045,1117.84142287569,997,"2"
"63",13,114.375634131313,44.8146573633688,25.9519267193412,71.7479597067736,51,"3"
"64",13,337.131215255731,1865.1307083673,1789.59951523632,1943.15732898065,1854,"4"
"65",13,171.836937176642,181.764077736751,158.905240001289,207.139633219542,171,"5"
"66",14,472.198984990723,11992.8187631738,11800.1438562844,12187.9962534824,11942,"1"
"67",14,292.886127316788,1006.24664929641,951.785204364085,1063.13855386251,1031,"2"
"68",14,121.608845302256,68.94374094258,54.8997847104078,85.7121594780832,62,"3"
"69",14,326.746287761195,1850.31099837464,1776.23758882313,1926.80145953741,1862,"4"
"70",14,176.857295063122,194.031180575464,169.938430865195,220.754859834206,178,"5"
"71",15,458.769449264132,12072.995898574,11881.6512223761,12266.7743918668,11997,"1"
"72",15,306.219256861462,1002.37637597221,948.437494314586,1058.71678296077,1032,"2"
"73",15,112.390512994469,50.6574604631965,39.2130577611664,64.5387935454091,64,"3"
"74",15,321.035489162557,1910.68520892841,1835.34590033414,1988.46075155973,1861,"4"
"75",15,167.425135216697,178.654168725196,154.888354900136,205.164853775537,174,"5"
"76",16,466.434100677664,11842.8792471893,11653.8535804364,12034.321592644,12029,"1"
"77",16,281.320264546852,1033.2371434247,976.643810476176,1092.40334709403,1069,"2"
"78",16,119.60607098387,53.8838156690675,41.3602471760508,69.1913638708051,71,"3"
"79",16,340.364380615711,1926.90272147226,1850.74814510656,2005.52136152084,1861,"4"
"80",16,172.589443141859,196.650888881422,169.584980262543,226.951988992274,173,"5"
"81",17,468.734684759973,11962.319501435,11771.5127250152,12155.5647664779,11872,"1"
"82",17,284.821344197376,1047.21773085293,990.976331780179,1105.95842849006,1031,"2"
"83",17,113.318038877287,69.282682869296,54.3608689286988,87.2448224391644,66,"3"
"84",17,352.978566021419,1888.97445777971,1813.83182009632,1966.56164232485,1884,"4"
"85",17,181.7687153242,184.502126723145,161.774692228001,209.673501776368,183,"5"
"86",18,478.273275693306,11786.083618394,11598.061881817,11976.5082500383,11988,"1"
"87",18,313.162331949418,1005.07372964054,950.544310863922,1062.04500283112,975,"2"
"88",18,134.416571014709,54.1956045676095,41.0855987931953,70.3002548955011,65,"3"
"89",18,335.491376816732,1803.75836837001,1723.98230922189,1886.38436935847,1852,"4"
"90",18,180.08836398392,183.590413504871,160.537659031772,209.1641627599,187,"5"
"91",19,486.052538258606,11940.1256262045,11750.5901238809,12132.0749939697,11886,"1"
"92",19,288.341707218369,1113.77895245105,1018.69207361317,1215.22520464469,997,"2"
"93",19,115.036993500716,68.2341524032112,53.4597505659569,86.0162616569581,56,"3"
"94",19,336.165414587228,1901.06121814747,1825.84866508124,1978.70646500388,1840,"4"
"95",19,190.938412905633,216.393727771419,187.272708754695,248.960841105698,191,"5"
"96",20,453.702139613298,11861.6381684298,11669.1906109055,12056.6272523443,11969,"1"
"97",20,301.150881494236,995.309167873863,941.532961888484,1051.48372687102,1054,"2"
"98",20,120.30331175418,69.792593676397,54.6976399280728,88.0008409133583,56,"3"
"99",20,336.301446537043,1936.28227982461,1859.59809132524,2015.45443026123,1852,"4"
"100",20,197.134636371434,177.57711280906,154.882343716833,202.80507942265,167,"5"
"101",21,474.826231555536,11934.9035618449,11744.1733719004,12128.0748189655,11958,"1"
"102",21,288.809729084104,1001.43662410962,947.031722568753,1058.27281845651,1028,"2"
"103",21,128.035409716042,67.4789293791009,53.1964831912946,84.6504778676556,58,"3"
"104",21,349.629897623632,1905.86318903448,1830.13788149401,1984.04736333248,1782,"4"
"105",21,176.705730591416,185.959919840006,162.982176918982,211.421438666119,177,"5"
"106",22,470.481365572648,11945.3027636819,11745.4832545915,12147.7888941539,12070,"1"
"107",22,299.150004908797,1010.18980076039,955.411188091534,1067.4207413454,1029,"2"
"108",22,121.283817450299,65.1586349981567,51.6319353964676,81.3338191815299,71,"3"
"109",22,325.883230107725,1833.37218888632,1758.92696142687,1910.32629331013,1865,"4"
"110",22,186.596551450664,163.97540634713,139.030020087558,192.237954333107,186,"5"
"111",23,496.519066174107,11919.3926604129,11728.8559114741,12112.377415023,11750,"1"
"112",23,297.726484837765,976.505377969784,923.355696729084,1032.04754310452,1112,"2"
"113",23,135.049730415217,51.4155374653304,39.8005489084038,65.5044231801829,81,"3"
"114",23,352.400096446779,1872.46532190813,1797.42245992785,1949.96184555357,1815,"4"
"115",23,173.922624249863,189.627571823905,164.283197897834,217.92559387287,181,"5"
"116",24,485.518648819146,11744.4990012351,11556.3464996475,11935.0660532319,11977,"1"
"117",24,288.325716027382,991.985013502348,937.992475566035,1048.39457701124,982,"2"
"118",24,117.799033893693,52.1563250968515,38.1280079126343,69.7510932627323,69,"3"
"119",24,325.759689685285,1888.41444884041,1812.97188502549,1966.31594324388,1854,"4"
"120",24,189.42762003507,206.545317249056,163.450206827997,257.864496651432,189,"5"
"121",25,505.198704253261,11866.5711265473,11677.2777005117,12058.2835550799,12039,"1"
"122",25,285.549778787364,991.289455987513,935.096355844812,1050.09762600097,1001,"2"
"123",25,118.299348370627,73.4280422447838,57.6946528881923,92.3982701291271,59,"3"
"124",25,329.096149049179,1901.02637055012,1825.14001781616,1979.40427067661,1828,"4"
"125",25,194.57263280935,187.742196945292,164.597984344016,213.392505052461,173,"5"
"126",26,483.344256491825,11958.9558985594,11768.4379209815,12151.9087949148,11706,"1"
"127",26,300.517680447264,1039.6011926351,983.887377024982,1097.79085890345,1017,"2"
"128",26,119.766961147562,63.613956943687,50.0978413817445,79.8266366579098,54,"3"
"129",26,341.361270675357,1854.25089621757,1779.86939285633,1931.06571747292,1937,"4"
"130",26,172.534429882569,194.559862670113,170.81026812433,220.851503566687,183,"5"
"131",27,478.287259686792,11872.285242464,11682.7309812935,12064.2635275825,11868,"1"
"132",27,296.137032367176,1076.47585793569,1019.16145723804,1136.32610727223,1005,"2"
"133",27,114.158910628335,60.410026683697,47.0555040582724,76.4882559754312,60,"3"
"134",27,337.83188289219,1852.13760120945,1778.12161913961,1928.57089248073,1899,"4"
"135",27,194.063395306032,175.439634588666,153.16133155406,200.214491251547,171,"5"
"136",28,492.901806114864,11821.7435192867,11632.275861443,12013.6545980547,11972,"1"
"137",28,311.0884655389,966.354325537176,913.47161781028,1021.62170850256,947,"2"
"138",28,113.707615859273,87.2426005904907,58.9379624060814,124.494536350557,72,"3"
"139",28,345.556750182419,1884.87647599729,1809.39767912001,1962.82961437801,1786,"4"
"140",28,172.04831702904,182.272337681341,159.318696694789,207.743301455336,188,"5"
"141",29,469.974470219894,11893.7911613898,11704.154275708,12085.8504309531,11778,"1"
"142",29,292.48212443222,1056.42803102175,999.854404540352,1115.50631380563,983,"2"
"143",29,128.700457678078,58.9776234029245,45.8697312448543,74.7749349792718,70,"3"
"144",29,349.149228117319,1825.57039970178,1752.36846405892,1901.16675142628,1798,"4"
"145",29,178.31707645579,185.328134867048,162.469618858587,210.652758705036,206,"5"
"146",30,492.162760227809,11819.1285426117,11630.473738347,12010.1953287674,11904,"1"
"147",30,293.44342921164,1071.96650798571,1014.81338392998,1131.64265030661,983,"2"
"148",30,120.094940633343,51.2110023376073,38.627712562211,66.6903083141104,69,"3"
"149",30,345.54971272204,1875.85278720573,1801.12922897954,1953.00789899488,1902,"4"
"150",30,174.919373402987,187.445712876948,163.931694351638,213.523001701934,162,"5"
"151",31,473.597224165098,11933.3261689432,11741.2638491136,12127.8855903727,12033,"1"
"152",31,289.883062388845,972.814010911984,917.471562402192,1030.74067071283,1024,"2"
"153",31,113.992155081025,67.9527396168137,53.7588986828272,84.913386002643,55,"3"
"154",31,354.655890831352,1907.80890740334,1831.2540691261,1986.87581450818,1891,"4"
"155",31,178.612090468855,177.360949240786,153.703536006335,203.766806361338,175,"5"
"156",32,500.125224844356,12076.8326196733,11885.3055724832,12270.7968839054,11696,"1"
"157",32,292.990213071553,987.13988461737,933.450837796447,1043.23557547923,963,"2"
"158",32,119.721214957933,41.093721356997,29.3260858320346,56.0624115167017,52,"3"
"159",32,339.652897513804,1724.06793918978,1606.97325488792,1847.21740188232,1855,"4"
"160",32,189.503606739184,208.92399302841,184.23423501928,236.186042490221,162,"5"
"161",33,475.447025459877,11848.3638806769,11658.8324278573,12040.3221541749,11927,"1"
"162",33,296.827058493287,1013.51749100427,958.738948962239,1070.74424403003,963,"2"
"163",33,114.09592083389,60.5101028548215,47.4525953796883,76.1709046164537,46,"3"
"164",33,341.747733887675,1919.26446846956,1842.13417897137,1998.92378258354,1843,"4"
"165",33,175.344258498411,176.26881285231,152.394923156362,202.953916940493,177,"5"
"166",34,481.936063944671,11987.2526379124,11796.4106509443,12180.5319807987,11976,"1"
"167",34,279.474749733593,1008.04300368313,953.167110292967,1065.38467996923,1007,"2"
"168",34,104.251359457155,61.4946684547481,48.1017375887918,77.6564005378503,60,"3"
"169",34,328.595932477674,1826.1484650953,1749.73106015374,1905.15579961153,1868,"4"
"170",34,168.518900768943,178.491207447747,155.492868171499,204.070100625784,196,"5"
"171",35,456.59233320419,12398.5181513182,12076.5897692005,12726.6699663601,11921,"1"
"172",35,310.441243154288,1026.47138109001,971.360802672381,1084.03024936924,1022,"2"
"173",35,127.721661002582,86.0017023013749,68.7182292306506,106.597286980689,69,"3"
"174",35,381.199502930302,1841.46702976167,1766.39509087789,1919.03187048681,1955,"4"
"175",35,173.122340943183,175.060403016804,152.924955868451,199.624637742707,180,"5"
"176",36,482.838557928591,12069.6865005079,11844.8858689997,12297.7799830934,11888,"1"
"177",36,297.696107328661,997.032487754293,942.929763012305,1053.55723309449,981,"2"
"178",36,121.376009911473,46.7457970286587,35.5770392071756,60.3979099145367,63,"3"
"179",36,331.791078500174,1891.38646217302,1816.15036131636,1969.07262679016,1835,"4"
"180",36,177.816439373797,186.091899519856,162.69489194903,212.069059114715,190,"5"
"181",37,463.18180468449,12041.081072956,11850.0708895551,12234.5221163949,11885,"1"
"182",37,298.672632204164,993.379070500749,938.968532287569,1050.2729510947,955,"2"
"183",37,115.486387631218,67.6695442737304,53.0597001219989,85.2534872649057,66,"3"
"184",37,334.785437473821,1926.08092096692,1849.2059986712,2005.49401254999,1830,"4"
"185",37,186.944876668845,174.582195598057,152.0535648264,199.643383676225,156,"5"
"186",38,480.103293063459,11835.9356694054,11646.5690980962,12027.7318821599,11863,"1"
"187",38,312.729658164584,994.450024860625,940.395275895026,1050.92788250324,1035,"2"
"188",38,114.590423653969,58.0078271950031,45.4053947583139,73.1945065170831,61,"3"
"189",38,348.903913615934,1869.44346111196,1794.85560567103,1946.46073831638,1889,"4"
"190",38,182.052317051484,173.199652153538,149.642028445974,199.560326601135,201,"5"
"191",39,475.868857472569,11900.74943829,11707.0779244064,12096.9991359951,11934,"1"
"192",39,310.495289489293,1016.22445164505,961.584752479723,1073.29574129778,1024,"2"
"193",39,129.094226571762,67.1854683278084,52.8555056178295,84.4041281958247,64,"3"
"194",39,344.833993799515,1967.48066661731,1890.32168260601,2047.1183348732,1840,"4"
"195",39,175.819489577079,174.382746450638,151.206452324927,200.280323622724,169,"5"
"196",40,471.755341869926,11625.9815087856,11422.8921791259,11831.8681675567,11816,"1"
"197",40,298.407468507563,1026.18359359468,970.984640907814,1083.84497292842,1005,"2"
"198",40,135.825144773388,60.9265088145507,47.9511601943417,76.4812990415276,58,"3"
"199",40,343.800489174352,1844.38529812819,1770.24913479894,1920.9509594652,1900,"4"
"200",40,167.354468007524,193.318666522092,169.003555289959,220.317727647557,193,"5"
"201",41,466.301864003909,11848.3517667384,11656.7066530422,12042.4756051077,11941,"1"
"202",41,287.193287299079,1013.33632264974,958.308732331582,1070.8431222983,928,"2"
"203",41,123.350915935845,56.0544367899809,43.3965138351838,71.4073655050537,77,"3"
"204",41,335.219602589715,1860.75423555353,1786.02659083517,1937.93405414784,1886,"4"
"205",41,173.980849613202,256.450336691136,196.012611277135,331.377866763496,174,"5"
"206",42,498.398572184659,11950.8029229076,11760.3989024466,12143.6383245551,11807,"1"
"207",42,284.326891544435,1030.66234952024,974.11601748177,1089.82477385846,1013,"2"
"208",42,124.059161532114,48.5361073172131,37.1668776057629,62.4059046632759,58,"3"
"209",42,336.749575775523,1833.98151101909,1760.26473012151,1910.11285899767,1862,"4"
"210",42,189.306288226935,186.167634807719,163.48705900189,211.270782329949,161,"5"
"211",43,480.476758073858,11780.4724032422,11591.8464908475,11971.5150404479,11658,"1"
"212",43,289.566962014968,982.783837833882,929.07221220062,1038.91390771909,1023,"2"
"213",43,112.886133694563,62.5512613230741,48.5661848424164,79.4846494527339,72,"3"
"214",43,330.432639217099,1880.39674816029,1804.7588114328,1958.51694562214,1841,"4"
"215",43,182.914197924108,176.333979160521,153.452876996914,201.802658836056,184,"5"
"216",44,477.292407826704,11863.410850669,11673.7440283929,12055.5049821666,11805,"1"
"217",44,284.51903709473,981.821702433038,928.405275169472,1037.63817210439,1056,"2"
"218",44,119.524152838229,58.2049913952619,45.318539551126,73.8064338918254,62,"3"
"219",44,335.249223607261,1888.80396094745,1813.97044250527,1966.06347518316,1916,"4"
"220",44,190.90575599504,172.994960378392,151.244362916702,197.1248128321,184,"5"
"221",45,469.257180306818,11900.3038896866,11710.6827425659,12092.3480754976,11986,"1"
"222",45,290.062757719472,1040.54742137958,984.67750164087,1098.89216699995,983,"2"
"223",45,121.933168014603,60.6839003584009,47.1120648833548,77.1221080104709,63,"3"
"224",45,348.187180390442,1808.17312971582,1735.28440597519,1883.45736312506,1943,"4"
"225",45,174.555429823141,171.084606025982,149.504085298068,195.040825992313,190,"5"
"226",46,476.356174929366,11980.6702595557,11789.7990583012,12173.9791810401,11974,"1"
"227",46,284.778665474815,1232.67298791604,1119.01971408674,1355.10060109085,999,"2"
"228",46,122.825923943445,68.8066921535022,54.4693161470827,85.9567569266333,62,"3"
"229",46,333.3385776457,1822.07105445019,1748.59723532729,1897.957578433,1856,"4"
"230",46,176.250426446809,182.489892137447,159.229838960269,208.352397568455,179,"5"
"231",47,515.319994816519,11891.3698059066,11701.1588997357,12084.019737152,11925,"1"
"232",47,293.747085494538,995.71328422985,941.807723860056,1052.02520538279,1041,"2"
"233",47,116.671387988926,60.2545825256575,47.0653179955944,76.1854407447195,63,"3"
"234",47,335.323482149478,1863.82071488105,1789.23760832883,1940.83641673468,1892,"4"
"235",47,186.936156553326,206.276192749245,181.622509434557,233.505711607205,183,"5"
"236",48,475.124066348788,11725.7661047013,11538.386369527,11915.5435177194,11916,"1"
"237",48,291.614022007318,986.609029399889,932.818778345895,1042.81486098642,978,"2"
"238",48,115.982718632335,57.6189492812576,44.7860194662527,73.1291327212797,57,"3"
"239",48,339.270329904167,1843.38925877462,1769.64349842312,1919.54228029461,1891,"4"
"240",48,174.852224622138,169.742186216716,148.008452395399,193.878155943611,210,"5"
"241",49,497.695963431168,12049.3213471174,11732.9096256769,12371.9278664752,11809,"1"
"242",49,291.554546427015,1009.63591910028,955.260014342148,1066.42932190986,1019,"2"
"243",49,133.577723001272,67.4570607396938,52.9449627505311,84.9430437421587,64,"3"
"244",49,346.630251265531,1856.35878363367,1775.53417681086,1940.02189873606,1903,"4"
"245",49,189.642039105907,182.530828159862,158.911825481047,208.855288418042,190,"5"
"246",50,466.791406055043,11840.1407069061,11651.1887448532,12031.5089257463,11937,"1"
"247",50,291.547081335738,1015.29636295033,957.854443371508,1075.40139091809,1034,"2"
"248",50,120.958232216449,81.0506413361918,61.8241773045088,104.731797717618,63,"3"
"249",50,353.710026491443,1852.30591397461,1778.09702572277,1928.94510445147,1895,"4"
"250",50,171.605455094773,195.517259521962,170.065236612591,223.877677369356,193,"5"
"251",51,481.948069304052,12076.9275275878,11867.7463717594,12288.9839975794,11867,"1"
"252",51,299.812126349542,998.70448024965,944.71939239095,1055.09933954914,1002,"2"
"253",51,119.088259352046,49.5219461259405,37.9016214358817,63.7123656099576,58,"3"
"254",51,351.894271975057,1867.53853609083,1793.18978719765,1944.30701691703,1882,"4"
"255",51,192.242605553344,179.618717193251,156.86774962785,204.89453332197,181,"5"
"256",52,490.152933635662,12277.6157030418,11958.1023447232,12603.3148682682,11917,"1"
"257",52,286.531006727578,1011.56557047658,956.83926613696,1068.73392134109,1008,"2"
"258",52,125.095389783794,66.8856071956116,52.5149305339169,84.1414323853976,63,"3"
"259",52,336.807148453768,1833.17299568067,1755.27601500575,1913.79784334148,1756,"4"
"260",52,183.205163381959,176.233536887328,153.050597204487,202.080933721762,178,"5"
"261",53,474.644804418937,11998.4363856237,11807.771260651,12191.5318839175,11842,"1"
"262",53,291.21468288921,1065.51682152986,1008.7517632341,1124.78666028079,1022,"2"
"263",53,124.949767802772,67.711438716351,53.5923922794275,84.6498591213373,59,"3"
"264",53,350.138475144419,1906.47310241244,1830.64316745256,1984.76721851594,1869,"4"
"265",53,162.695479185159,176.745856948882,154.315224419274,201.643036173638,198,"5"
"266",54,491.300644094287,12057.62842096,11866.0557079925,12251.6431181491,11992,"1"
"267",54,300.255567289665,1033.4935255438,978.20686102627,1091.22997174374,1037,"2"
"268",54,125.991184230684,47.5572471351568,34.6881996831219,63.7000350303031,61,"3"
"269",54,333.531447761132,1819.74461247921,1746.65891280039,1895.22638998531,1877,"4"
"270",54,187.367823874179,178.536257413931,155.821979475248,203.753243319892,187,"5"
"271",55,467.321463554991,11891.1971794428,11701.3912422095,12083.4311504782,11773,"1"
"272",55,280.935511442996,1097.15673747988,1039.10706011278,1157.75694030623,976,"2"
"273",55,130.653986377739,59.2868177939905,46.4440638565588,74.7464618511185,58,"3"
"274",55,343.68996326003,1843.70400025418,1769.81455100312,1920.00693120306,1826,"4"
"275",55,184.822348389477,182.356995822196,159.071597495785,208.278249653311,146,"5"
"276",56,474.083809819881,11837.4494388218,11648.1701315725,12029.1523319442,12033,"1"
"277",56,296.532748184045,1031.36438268414,976.059855827677,1089.11916862775,973,"2"
"278",56,119.733736229646,60.807060208545,47.2813749544499,77.1722840686861,56,"3"
"279",56,338.17287106486,1830.56168784243,1757.0831186857,1906.44432078194,1825,"4"
"280",56,176.274106300309,168.83530628294,146.987209339233,193.125184974115,180,"5"
"281",57,482.617725766638,12119.9196160232,11928.332259001,12313.9393516174,11713,"1"
"282",57,286.388682347589,975.926446500316,922.251383743641,1032.08115743676,1026,"2"
"283",57,123.544675934488,53.3845589775605,41.6714494901116,67.5017835305106,60,"3"
"284",57,323.455608988675,1880.44101351429,1805.47802148771,1957.84532337454,1832,"4"
"285",57,180.577908798361,197.161817543917,172.43926064738,224.65656521172,184,"5"
"286",58,472.533914540981,11942.9512212009,11752.8831970038,12135.4447462154,11968,"1"
"287",58,284.843809405213,1034.04026935028,978.423885745182,1092.12332328287,1017,"2"
"288",58,125.069331362178,51.5391332049714,39.8129467503814,65.734897312195,68,"3"
"289",58,331.277828902101,1832.46508791825,1759.31998613688,1907.994766277,1896,"4"
"290",58,191.274603143142,182.942219961528,160.301223517277,208.021735463399,205,"5"
"291",59,475.184058229237,11780.6752895465,11591.9140025833,11971.8618586177,11918,"1"
"292",59,291.817153671507,1028.57575538894,973.554623068255,1086.0282490325,988,"2"
"293",59,127.812938895383,54.2222639042484,41.4518471438092,69.8490375347088,45,"3"
"294",59,350.632100314565,1862.20471977283,1787.97485544251,1938.85357008139,1844,"4"
"295",59,183.315221692967,190.644718957898,161.21976285483,224.103949715894,189,"5"
"296",60,484.577034293271,11809.1055168304,11618.0894797947,12002.6154511237,12079,"1"
"297",60,291.449002782231,981.372137933115,928.036340794281,1037.09965016676,1038,"2"
"298",60,133.966518904664,76.1097093076348,60.4352490279795,94.8756384765171,70,"3"
"299",60,326.161973655217,2025.80059412465,1896.84149451105,2161.06691831646,1957,"4"
"300",60,209.164076520918,197.590531979825,173.354126028175,224.449744813663,166,"5"
"301",61,469.14238225616,11947.0845409182,11757.1314833371,12139.4598211636,12005,"1"
"302",61,292.362907843186,1040.91029067618,985.277733561136,1098.9998544877,1094,"2"
"303",61,109.162056840608,56.1949474241239,43.710499839777,71.2881568347858,64,"3"
"304",61,322.382109112285,1838.95815168782,1765.15597762571,1915.17455959493,1874,"4"
"305",61,180.489029583296,191.161088425275,167.748198756576,217.087151677353,158,"5"
"306",62,483.946491244608,12049.5208053484,11858.2250017304,12243.2529669423,11849,"1"
"307",62,284.28730070531,975.422840351268,921.93103317813,1031.32909635951,993,"2"
"308",62,115.860179394324,56.73818844598,44.2077810196581,71.8397823272748,44,"3"
"309",62,349.312715391399,1899.42960471778,1823.96685540251,1977.34752655928,1872,"4"
"310",62,191.349517110375,171.867050647359,146.164409629786,200.87508445163,174,"5"
"311",63,474.90726959996,12125.5005792549,11898.6443598163,12355.7118916364,12183,"1"
"312",63,286.104116580803,998.292069021884,944.037472654772,1054.98024349426,1004,"2"
"313",63,118.438444860328,58.6048969893064,45.1950698387763,74.8932393257956,48,"3"
"314",63,336.818024581122,1784.85494518319,1706.79933198588,1865.66154628165,1849,"4"
"315",63,194.162638217448,193.142042678425,169.845761482576,218.920175519472,186,"5"
"316",64,484.600868092447,11946.3215750254,11755.550657417,12139.542664404,11926,"1"
"317",64,306.992766827732,1053.56933003905,996.993380371123,1112.67817813657,945,"2"
"318",64,109.087515655685,62.1355255843947,48.0799786288813,79.167465731589,68,"3"
"319",64,329.778543607424,1796.80172733983,1724.3496819969,1871.63116991269,1925,"4"
"320",64,190.951119244734,184.561237956258,162.056795626119,209.461223562777,177,"5"
"321",65,495.783363044533,11938.1421333263,11715.6957483068,12163.8267988634,11817,"1"
"322",65,275.573871141845,996.97621583298,943.065526133327,1053.29434935048,981,"2"
"323",65,126.340230452821,59.7033470122261,47.150411139581,74.7637976818629,63,"3"
"324",65,342.998813015812,1917.56185218302,1841.04833727555,1996.56564174039,1918,"4"
"325",65,163.597317117138,163.160534508754,141.488149940733,187.316496047402,213,"5"
"326",66,479.657750226305,11864.9059807567,11675.1840594494,12057.0581395555,12069,"1"
"327",66,275.762353544605,976.632940355828,914.416711543214,1042.04011634213,1012,"2"
"328",66,119.775343943993,68.9665265470545,54.70587074169,86.0505862636127,70,"3"
"329",66,334.229253356544,1896.5230813236,1820.7926110773,1974.72456620338,1967,"4"
"330",66,182.341067476636,211.022651641621,185.720212379523,238.98166826099,185,"5"
"331",67,496.322560301703,11778.6310310628,11590.5337276592,11969.1347196557,11888,"1"
"332",67,289.149905757194,1030.65869377007,975.518806789163,1088.2400232912,1027,"2"
"333",67,118.491402158843,53.7670842885589,41.7110498393288,68.3584953494922,57,"3"
"334",67,352.078759248247,1872.12875506135,1790.78913827928,1956.31937827235,1959,"4"
"335",67,185.632037755134,166.302401954863,144.374165296408,190.785899503054,191,"5"
"336",68,492.29112545358,11553.6056354646,11335.776437636,11774.6345559765,11845,"1"
"337",68,316.428827562165,962.571309627333,909.485386973168,1018.07375606894,941,"2"
"338",68,128.644355952347,54.3016132925892,42.6357287731638,68.2839052051511,64,"3"
"339",68,338.834291050422,1882.16659942631,1807.61847172252,1959.12918012992,1862,"4"
"340",68,178.114433607329,181.592144791431,158.295193371775,207.49357137107,194,"5"
"341",69,471.070416142015,11926.3527420761,11736.1363886414,12118.9996805635,11791,"1"
"342",69,302.849865824892,1044.03871197812,987.890924163001,1102.67833168364,956,"2"
"343",69,122.101653169662,58.2462212359142,45.696562301287,73.3735130630629,49,"3"
"344",69,333.292513321328,1808.65008181898,1735.39965228238,1884.31826289996,1893,"4"
"345",69,201.228696259206,230.732573945489,204.116597105212,260.086343325783,156,"5"
"346",70,478.577505189113,11901.5175220176,11711.9104503765,12093.5455538355,11830,"1"
"347",70,277.174611319387,952.200935555566,865.109511457265,1045.48653745497,981,"2"
"348",70,129.593297961703,48.4017987144998,36.8742736749798,62.4984548064309,52,"3"
"349",70,341.992322301052,1911.39540451231,1835.73312588887,1989.50777771267,1932,"4"
"350",70,180.796163304763,167.549253594782,145.734196424965,191.825574108694,183,"5"
"351",71,511.083431511358,11560.243741921,11252.3524492166,11874.2130452099,12013,"1"
"352",71,289.247138323678,970.557536608206,917.33054618775,1026.18473718745,1030,"2"
"353",71,128.477729746,48.3139778238739,35.0943626805994,64.8848018242319,61,"3"
"354",71,344.737774183543,1831.26280197847,1755.13053777809,1909.96137140775,1814,"4"
"355",71,188.654006157715,202.021634130327,177.174066706823,229.554329751712,185,"5"
"356",72,484.409445316638,11985.7543225651,11794.4181753549,12179.5582599001,11924,"1"
"357",72,299.976037089601,937.973105397841,886.166287222425,992.135764239642,962,"2"
"358",72,121.362684148914,63.5332008786148,49.8001961294947,80.0956310703096,56,"3"
"359",72,341.789835001231,1907.18905198735,1831.92589088115,1984.88323810848,1867,"4"
"360",72,182.397896191781,161.771902906012,140.695037482716,185.237332845995,207,"5"
"361",73,487.405590258443,12112.1096840432,11919.9465257507,12306.7193009418,11954,"1"
"362",73,284.843037280557,1060.60802161333,1003.94240708684,1119.77569747207,988,"2"
"363",73,128.278805088441,65.2447440774203,49.9589336018113,84.0059379705142,55,"3"
"364",73,324.47510981563,1849.29448463486,1775.5664044896,1925.42274697172,1907,"4"
"365",73,181.767284997196,170.747929822376,144.799975414298,200.09521228494,184,"5"
"366",74,472.780776664241,11896.8638940843,11707.4264559258,12088.718928921,11853,"1"
"367",74,282.149050233065,1028.09787799975,972.63148581122,1086.03267025487,1039,"2"
"368",74,116.340134743455,73.5474965248298,57.9569778879824,92.2839251981265,60,"3"
"369",74,347.187870793278,1913.26461118834,1837.54810631816,1991.43512776121,1872,"4"
"370",74,178.512817009795,173.990411875503,148.760782272276,202.409106403036,165,"5"
"371",75,485.084893064008,12365.4591216234,12044.9729213416,12692.1271002268,11982,"1"
"372",75,284.029374481277,989.660788537366,935.683811856547,1046.06469624966,1034,"2"
"373",75,117.462585460893,62.0385668643507,48.5324412395881,78.3340711612402,60,"3"
"374",75,337.351680019274,1868.64829428679,1794.01969320337,1945.71821929718,1772,"4"
"375",75,175.579216260246,195.504525956065,170.177298213154,223.701339381191,169,"5"
"376",76,475.574496039621,11849.0827313289,11660.138912575,12040.4407704814,11874,"1"
"377",76,294.05892800671,1054.49591591371,992.843797598355,1119.16763322889,1030,"2"
"378",76,120.319785641993,68.1490820960495,53.4079937983,85.9323875307266,70,"3"
"379",76,344.729683476094,1891.02075966672,1815.83975494602,1968.64249253575,1833,"4"
"380",76,194.122040010306,174.632075704453,152.054953057693,199.744973151551,209,"5"
"381",77,466.792170249659,11869.767778224,11680.0037496745,12061.9610535296,12034,"1"
"382",77,310.391405803946,1007.11088307006,952.590701939214,1064.06323813811,1007,"2"
"383",77,134.605386518699,58.6902693778797,44.9634182235315,75.4594950110974,62,"3"
"384",77,335.895938400406,2033.00223667127,1903.97857187569,2168.31551310107,1871,"4"
"385",77,184.585779559289,181.946057822164,158.118509005886,208.563278191809,158,"5"
"386",78,461.736708661005,11831.1500006939,11642.2948645886,12022.4193168903,11704,"1"
"387",78,290.24624649223,986.409929303063,932.457479801341,1042.79669606983,996,"2"
"388",78,120.941604869635,57.0875368243265,44.4725397501635,72.3194516973294,53,"3"
"389",78,344.621070614172,1897.80770816232,1822.65320980657,1975.39335803434,1787,"4"
"390",78,184.224009086099,150.624610747576,126.619703377509,177.957880905947,183,"5"
"391",79,479.304574777769,11971.1250907911,11747.9625337688,12197.537773043,11918,"1"
"392",79,304.832072474911,1085.24063047318,1023.16767701579,1150.22718841257,989,"2"
"393",79,124.063844858734,53.0980324641223,40.9798250353884,67.8486284503673,50,"3"
"394",79,361.713381042524,1860.99333194366,1786.72906585622,1937.68009748588,1875,"4"
"395",79,171.773968006439,197.879337307681,173.478469525069,224.927462170679,201,"5"
"396",80,466.44665278667,12054.8581132521,11739.3332914737,12376.5201947388,11855,"1"
"397",80,287.819254471814,1093.79565784946,1036.14522340553,1153.96834281586,1056,"2"
"398",80,124.466371018936,52.9912183437173,40.8357914027842,67.8449748902238,68,"3"
"399",80,331.419479651662,1891.37889895939,1815.88353486058,1969.33877280458,1932,"4"
"400",80,177.980625420042,179.060529322066,155.749385132852,205.018353874681,198,"5"
"401",81,471.342212899835,11872.8081785768,11681.5134763862,12066.5928433074,11750,"1"
"402",81,280.094302249106,1027.28920555807,972.106008506659,1084.92214157035,996,"2"
"403",81,122.74440242644,60.3929971151793,47.4612739191369,75.95884125399,57,"3"
"404",81,336.844819047807,1893.31455922749,1817.8998622778,1971.19408282921,1891,"4"
"405",81,184.550464232317,183.857293988968,160.576428123935,209.718636884811,187,"5"
"406",82,485.478783679137,11868.9376683352,11676.3699869282,12064.0482051125,12047,"1"
"407",82,277.744365735286,987.914169498561,933.466194635592,1044.83087182473,1029,"2"
"408",82,112.451525783062,58.6102486206482,45.888094009413,73.9379735293295,60,"3"
"409",82,339.655858563437,1903.57252108766,1828.44330367393,1981.13020950479,1851,"4"
"410",82,166.279865282564,168.266983139601,146.328634972908,192.683407198967,196,"5"
"411",83,487.10351835868,11869.2611418011,11679.841970169,12061.1058637257,11821,"1"
"412",83,303.893449197467,937.521965389584,885.582402335647,991.833018237866,1041,"2"
"413",83,118.06075486284,68.8005998267209,54.5875507464904,85.8415601634803,65,"3"
"414",83,327.804436776069,1868.77894818382,1793.95243102885,1946.0500478337,1864,"4"
"415",83,186.592348996698,159.077515786788,138.103166529795,182.429022542897,176,"5"
"416",84,469.009936441054,11688.9725718213,11501.2041599926,11879.1523433146,11782,"1"
"417",84,290.817382358305,1016.43922476794,961.856844753484,1073.44840161471,967,"2"
"418",84,125.03455712643,53.7396358632607,41.3454310832304,68.7935244903839,64,"3"
"419",84,343.096656407223,1898.15938039798,1821.42701310707,1977.46706152082,1789,"4"
"420",84,175.958491261135,179.646186866788,156.813397617015,205.007789241715,164,"5"
"421",85,494.102450508881,11974.2251463625,11782.8152808973,12168.0993575475,11920,"1"
"422",85,293.07580487922,1038.88112512984,982.888554350795,1097.36680769899,972,"2"
"423",85,109.365042801652,67.6988965653781,53.3863738307271,84.8695140907797,45,"3"
"424",85,367.992403454839,1825.0493626061,1751.77871787353,1900.72868429606,1866,"4"
"425",85,178.183640700782,167.465665156222,146.05578616824,191.238695861016,198,"5"
"426",86,480.487070578667,12017.4466816745,11826.5920742961,12210.7333127906,11955,"1"
"427",86,307.077227827483,995.796321203408,941.930331488395,1052.06322546273,1020,"2"
"428",86,113.407506937259,66.8499965051141,53.1596104527002,83.1821620633502,52,"3"
"429",86,355.065299583454,1902.98102647536,1827.04375117438,1981.42246145709,1860,"4"
"430",86,189.212438007871,170.944892460737,148.523415893111,195.942180664548,177,"5"
"431",87,485.413911627228,11969.2475964548,11770.5951496184,12170.5250440569,12037,"1"
"432",87,285.078963275675,982.38796724843,928.967534910564,1038.20814720928,909,"2"
"433",87,128.929781994109,64.4195679885929,50.7948224025891,80.7477064065619,54,"3"
"434",87,349.117638524767,1858.62541397677,1784.54856719031,1935.11270828723,1866,"4"
"435",87,154.797512549126,194.690306502655,170.673529523639,221.32553921526,199,"5"
"436",88,475.544706787569,12009.6790574028,11818.4230515059,12203.376632491,11731,"1"
"437",88,292.218801091108,1052.37099364151,996.370030181842,1110.84024842169,955,"2"
"438",88,130.43168047341,84.044014937789,58.5405319029427,116.882963502735,73,"3"
"439",88,346.919340271964,1894.93917697505,1819.53104513088,1972.80046035186,1855,"4"
"440",88,192.970103661388,157.836879057954,135.57336297586,182.808619315167,164,"5"
"441",89,483.384439114636,12000.359272649,11809.5032084391,12193.6486470787,11864,"1"
"442",89,303.729954641924,956.648047021259,904.259293394625,1011.39951710729,984,"2"
"443",89,111.721227414189,54.3714438325715,41.5089736872997,70.1498192422883,55,"3"
"444",89,355.682697829684,1848.95866807656,1774.72552279474,1925.62270046315,1840,"4"
"445",89,185.647390266498,169.895230975934,147.199994905932,195.249690587469,184,"5"
"446",90,489.167918749162,12048.8847261564,11857.0721368662,12243.1448722175,11792,"1"
"447",90,308.479751590739,1009.24364741291,954.564791400883,1066.37617304333,1039,"2"
"448",90,131.78242942796,47.9401501614267,36.4242243737856,61.9898306705327,69,"3"
"449",90,343.931263553631,1859.43857340021,1785.2975086212,1935.99305970694,1799,"4"
"450",90,189.346849997121,176.918797345299,154.47574099885,201.855281857337,176,"5"
"451",91,476.209259447668,11912.2869429379,11722.6508183414,12104.3432676803,11893,"1"
"452",91,304.359241051591,1039.7444942051,984.462893994941,1097.45537124495,1007,"2"
"453",91,127.419838131596,61.7462891255303,48.4987819815204,77.640672371052,59,"3"
"454",91,343.670937605159,1860.34784367899,1785.98927273902,1937.12897215847,1827,"4"
"455",91,181.164737733022,191.388340505683,167.510021038049,217.871527426759,162,"5"
"456",92,472.436792263817,11948.4983951325,11756.7738006342,12142.7032034484,12001,"1"
"457",92,292.932947818123,1034.77753091897,978.783075512418,1093.27680677202,1029,"2"
"458",92,120.972476359481,50.6317068828053,39.4860967383983,64.0650066816616,68,"3"
"459",92,351.816440709053,1867.9899530229,1793.22607396057,1945.19602120509,2005,"4"
"460",92,169.681240722446,184.160891027342,161.271995135496,209.541132443189,188,"5"
"461",93,489.359112898646,12349.7373505428,12029.8324429612,12675.8095143276,11737,"1"
"462",93,294.596585785447,1035.53716753504,979.670687680017,1093.89994830276,1002,"2"
"463",93,112.863239222685,66.0984319435904,51.6912726542512,83.4638400709913,69,"3"
"464",93,340.103438660474,1924.37261584558,1848.41413643381,2002.78838587339,1955,"4"
"465",93,186.444399318727,185.332603441241,162.28922472563,210.887344482687,182,"5"
"466",94,461.05668966973,11916.4689722913,11726.5344060593,12108.8292918712,11982,"1"
"467",94,277.316206055679,990.444399653981,936.532931069515,1046.77236400684,988,"2"
"468",94,113.457743837947,64.4311017727488,50.2808092529775,81.4134979957944,62,"3"
"469",94,350.500139122052,1978.41954209776,1851.00839219241,2112.21433188001,1850,"4"
"470",94,194.044465812879,196.149162433392,171.831733812232,223.106113435945,198,"5"
"471",95,481.46524621644,11936.3029050266,11746.4418969213,12128.5847180478,11883,"1"
"472",95,285.063423814067,969.473251630719,916.265402995151,1025.08495576135,976,"2"
"473",95,116.874527744757,63.5292229002276,49.9484985574303,79.8395295658872,61,"3"
"474",95,344.448298639287,1846.84762148849,1772.73929703393,1923.38430728924,1926,"4"
"475",95,174.956123587244,181.710550842492,158.195133867512,207.87694853384,190,"5"
"476",96,483.878347975322,11931.6869562331,11741.6961806186,12124.1024114063,11732,"1"
"477",96,306.980505192174,1006.89887366248,947.190698176991,1069.55236516447,1056,"2"
"478",96,113.784156723449,56.3579651255991,41.4855154132445,75.0433223941661,67,"3"
"479",96,339.387820082007,1778.28512042671,1703.11250006229,1856.02902714052,1893,"4"
"480",96,180.379907937212,202.769978628321,177.635789546844,230.646055923661,181,"5"
"481",97,463.081177130897,12051.875830491,11860.304654891,12245.8919101919,11992,"1"
"482",97,306.998239196564,938.821129581556,886.80662148061,993.210711143785,1061,"2"
"483",97,121.16474274753,57.8042013071248,45.1025189602255,73.1002038792182,70,"3"
"484",97,332.719346200432,1722.93469456566,1606.87941826855,1844.94037165283,1923,"4"
"485",97,173.62645580348,157.22858172162,136.53288981115,180.291654962575,187,"5"
"486",98,466.439822562714,11960.0387633669,11760.2678440193,12162.4786943203,11870,"1"
"487",98,313.879545407784,1012.45939434742,958.03044468714,1069.30429732724,999,"2"
"488",98,126.582828154378,60.1716959173765,47.0803311373158,75.910443498066,51,"3"
"489",98,353.403319637724,1934.70616298049,1858.45671693069,2013.4208362393,1921,"4"
"490",98,180.968642289321,197.874434644845,173.037385995994,225.446163937752,200,"5"
"491",99,478.503539518726,11974.3010045269,11784.0514142351,12166.9754951346,11936,"1"
"492",99,288.871183701345,991.081840594382,937.170782794277,1047.41011091952,984,"2"
"493",99,119.411216657973,50.5406035579398,39.0020771803559,64.5081518230326,81,"3"
"494",99,338.104383125681,1972.99918308217,1895.36060774578,2053.14145059115,1820,"4"
"495",99,174.504170416605,183.202402314538,160.02143430684,208.95588139953,197,"5"
"496",100,484.873495631358,11930.2665229605,11739.7528711034,12123.2170468395,11887,"1"
"497",100,304.950909217213,975.030061750908,922.006308004851,1030.42967024752,993,"2"
"498",100,123.236167495181,65.2103401393583,51.4105545646107,81.7096148318364,71,"3"
"499",100,356.147810846981,1994.42486676977,1868.61544822387,2126.32871768776,1838,"4"
"500",100,173.721240945221,146.003439154356,112.826914575271,185.613795451058,183,"5"
